type,price,pnl,time
open_buy,1.16327,,2025-07-21 09:00:00
close_buy,1.16859,-0.43999999999977396,2025-07-22 04:15:00
open_sell,1.16859,,2025-07-22 04:15:00
close_sell,1.16983,-0.08000000000008001,2025-07-22 12:00:00
open_buy,1.16983,,2025-07-22 12:00:00
close_buy,1.17363,0.05999999999994898,2025-07-23 05:30:00
open_sell,1.17363,,2025-07-23 05:30:00
close_sell,1.1756199999999999,-1.1399999999999189,2025-07-23 20:00:00
open_buy,1.1756199999999999,,2025-07-23 20:00:00
close_buy,1.1761,-0.280000000000058,2025-07-24 10:45:00
open_sell,1.1761,,2025-07-24 10:45:00
close_sell,1.17649,-1.1600000000000499,2025-07-24 19:30:00
open_buy,1.17649,,2025-07-24 19:30:00
close_buy,1.17442,0.16000000000016001,2025-07-25 01:00:00
open_sell,1.17442,,2025-07-25 01:00:00
close_sell,1.17426,1.020000000000021,2025-07-25 11:45:00
open_buy,1.17426,,2025-07-25 11:45:00
close_buy,1.17344,-0.360000000000138,2025-07-25 12:45:00
open_sell,1.17344,,2025-07-25 12:45:00
close_sell,1.17412,0.7199999999998319,2025-07-25 22:00:00
open_buy,1.17412,,2025-07-25 22:00:00
close_buy,1.17175,-4.4200000000000905,2025-07-28 09:15:00
open_sell,1.17175,,2025-07-28 09:15:00
close_sell,1.15444,-0.05999999999994898,2025-07-30 00:45:00
open_buy,1.15444,,2025-07-30 00:45:00
close_buy,1.15562,0.380000000000269,2025-07-30 11:30:00
open_sell,1.15562,,2025-07-30 11:30:00
close_sell,1.1436,0.0,2025-07-31 08:45:00
open_buy,1.1436,,2025-07-31 08:45:00
close_buy,1.1411,0.48000000000003595,2025-07-31 16:30:00
open_sell,1.1411,,2025-07-31 16:30:00
close_sell,1.14326,0.10000000000021103,2025-08-01 09:30:00
open_buy,1.14326,,2025-08-01 09:30:00
close_buy,1.1406100000000001,-0.8999999999996788,2025-08-01 13:15:00
open_sell,1.1406100000000001,,2025-08-01 13:15:00
close_sell,1.1545,-3.1000000000003247,2025-08-01 15:45:00
open_buy,1.1545,,2025-08-01 15:45:00
close_buy,1.15609,-0.08000000000008001,2025-08-04 11:15:00
open_sell,1.15609,,2025-08-04 11:15:00
close_sell,1.15774,1.5999999999998238,2025-08-04 16:30:00
open_buy,1.15774,,2025-08-04 16:30:00
close_buy,1.15674,0.5399999999999849,2025-08-04 22:00:00
open_sell,1.15674,,2025-08-04 22:00:00
close_sell,1.15832,-0.16000000000016001,2025-08-05 02:45:00
open_buy,1.15832,,2025-08-05 02:45:00
close_buy,1.15549,-1.040000000000152,2025-08-05 06:45:00
open_sell,1.15549,,2025-08-05 06:45:00
close_sell,1.15789,0.459999999999905,2025-08-05 18:45:00
open_buy,1.15789,,2025-08-05 18:45:00
close_buy,1.15689,0.5999999999999339,2025-08-06 05:15:00
open_sell,1.15689,,2025-08-06 05:15:00
close_sell,1.15771,0.22000000000010897,2025-08-06 08:15:00
open_buy,1.15771,,2025-08-06 08:15:00
close_buy,1.16505,0.42000000000008697,2025-08-07 15:45:00
open_sell,1.16505,,2025-08-07 15:45:00
close_sell,1.16644,-0.48000000000003595,2025-08-08 01:00:00
open_buy,1.16644,,2025-08-08 01:00:00
close_buy,1.16458,1.100000000000101,2025-08-08 09:00:00
open_sell,1.16458,,2025-08-08 09:00:00
close_sell,1.16599,0.7399999999999629,2025-08-08 18:30:00
open_buy,1.16599,,2025-08-08 18:30:00
close_buy,1.16479,0.16000000000016001,2025-08-11 02:15:00
open_sell,1.16479,,2025-08-11 02:15:00
close_sell,1.1671,-0.459999999999905,2025-08-11 06:15:00
open_buy,1.1671,,2025-08-11 06:15:00
close_buy,1.16436,0.580000000000247,2025-08-11 13:00:00
open_sell,1.16436,,2025-08-11 13:00:00
close_sell,1.16157,-0.25999999999992696,2025-08-12 02:45:00
open_buy,1.16157,,2025-08-12 02:45:00
close_buy,1.16021,-0.700000000000145,2025-08-12 12:30:00
open_sell,1.16021,,2025-08-12 12:30:00
close_sell,1.16469,0.9600000000000719,2025-08-12 17:00:00
open_buy,1.16469,,2025-08-12 17:00:00
close_buy,1.16978,-0.6399999999997519,2025-08-13 21:15:00
open_sell,1.16978,,2025-08-13 21:15:00
close_sell,1.17127,0.08000000000008001,2025-08-14 04:15:00
open_buy,1.17127,,2025-08-14 04:15:00
close_buy,1.17029,-0.48000000000003595,2025-08-14 09:15:00
open_sell,1.17029,,2025-08-14 09:15:00
close_sell,1.16514,-0.48000000000003595,2025-08-15 03:45:00
open_buy,1.16514,,2025-08-15 03:45:00
close_buy,1.1700599999999999,0.4999999999997229,2025-08-18 05:45:00
open_sell,1.1700599999999999,,2025-08-18 05:45:00
close_sell,1.16794,-0.6599999999998829,2025-08-19 10:30:00
open_buy,1.16794,,2025-08-19 10:30:00
close_buy,1.16545,-0.8599999999998608,2025-08-19 19:15:00
open_sell,1.16545,,2025-08-19 19:15:00
close_sell,1.16407,-0.5399999999999849,2025-08-20 12:15:00
open_buy,1.16407,,2025-08-20 12:15:00
close_buy,1.16499,0.05999999999994898,2025-08-21 01:00:00
open_sell,1.16499,,2025-08-21 01:00:00
close_sell,1.1654200000000001,1.0199999999995768,2025-08-21 12:45:00
open_buy,1.1654200000000001,,2025-08-21 12:45:00
close_buy,1.16273,1.3600000000000279,2025-08-21 17:00:00
open_sell,1.16273,,2025-08-21 17:00:00
close_sell,1.16092,-0.3599999999996939,2025-08-22 05:00:00
open_buy,1.16092,,2025-08-22 05:00:00
close_buy,1.15932,0.8199999999995988,2025-08-22 07:00:00
open_sell,1.15932,,2025-08-22 07:00:00
close_sell,1.16074,0.5799999999998029,2025-08-22 15:30:00
open_buy,1.16074,,2025-08-22 15:30:00
close_buy,1.16958,0.19999999999997797,2025-08-25 05:15:00
open_sell,1.16958,,2025-08-25 05:15:00
close_sell,1.17047,-0.3599999999996939,2025-08-25 11:30:00
open_buy,1.17047,,2025-08-25 11:30:00
close_buy,1.16926,1.1199999999997878,2025-08-25 14:00:00
open_sell,1.16926,,2025-08-25 14:00:00
close_sell,1.16287,-0.16000000000016001,2025-08-26 06:30:00
open_buy,1.16287,,2025-08-26 06:30:00
close_buy,1.162,-0.19999999999997797,2025-08-26 11:00:00
open_sell,1.162,,2025-08-26 11:00:00
close_sell,1.16564,-0.640000000000196,2025-08-26 15:00:00
open_buy,1.16564,,2025-08-26 15:00:00
close_buy,1.16384,0.779999999999781,2025-08-26 23:30:00
open_sell,1.16384,,2025-08-26 23:30:00
close_sell,1.16376,-2.3599999999999177,2025-08-27 19:45:00
open_buy,1.16376,,2025-08-27 19:45:00
close_buy,1.16338,-1.8599999999997507,2025-08-28 11:00:00
open_sell,1.16338,,2025-08-28 11:00:00
close_sell,1.16715,-1.5399999999998748,2025-08-28 13:30:00
open_buy,1.16715,,2025-08-28 13:30:00
close_buy,1.1676,-0.580000000000247,2025-08-29 03:15:00
open_sell,1.1676,,2025-08-29 03:15:00
close_sell,1.16719,0.8799999999999919,2025-08-29 12:30:00
open_buy,1.16719,,2025-08-29 12:30:00
close_buy,1.16771,1.8400000000000638,2025-08-29 17:00:00
open_sell,1.16771,,2025-08-29 17:00:00
close_sell,1.1694,-1.8199999999999328,2025-08-29 17:30:00
open_buy,1.1694,,2025-08-29 17:30:00
close_buy,1.17045,0.8799999999999919,2025-09-01 05:15:00
open_sell,1.17045,,2025-09-01 05:15:00
close_sell,1.1711,-1.2400000000001299,2025-09-01 05:45:00
open_buy,1.1711,,2025-09-01 05:45:00
close_buy,1.17098,-0.05999999999994898,2025-09-01 17:30:00
open_sell,1.17098,,2025-09-01 17:30:00
close_sell,1.1712799999999999,-0.39999999999995595,2025-09-02 02:15:00
open_buy,1.1712799999999999,,2025-09-02 02:15:00
close_buy,1.16978,-0.140000000000029,2025-09-02 05:45:00
open_sell,1.16978,,2025-09-02 05:45:00
close_sell,1.16365,1.0399999999997078,2025-09-02 21:00:00
open_buy,1.16365,,2025-09-02 21:00:00
close_buy,1.1639,-0.34000000000000696,2025-09-02 23:15:00
open_sell,1.1639,,2025-09-02 23:15:00
close_sell,1.16559,-2.1599999999999397,2025-09-03 11:45:00
open_buy,1.16559,,2025-09-03 11:45:00
close_buy,1.16614,0.8999999999996788,2025-09-04 01:30:00
open_sell,1.16614,,2025-09-04 01:30:00
close_sell,1.16448,-0.22000000000010897,2025-09-05 00:30:00
open_buy,1.16448,,2025-09-05 00:30:00
close_buy,1.17047,-0.700000000000145,2025-09-08 01:30:00
open_sell,1.17047,,2025-09-08 01:30:00
close_sell,1.17263,-1.860000000000195,2025-09-08 09:45:00
open_buy,1.17263,,2025-09-08 09:45:00
close_buy,1.17583,0.5999999999999339,2025-09-09 11:30:00
open_sell,1.17583,,2025-09-09 11:30:00
close_sell,1.17107,0.7199999999998319,2025-09-10 08:30:00
open_buy,1.17107,,2025-09-10 08:30:00
close_buy,1.16992,-1.6199999999999546,2025-09-10 13:15:00
open_sell,1.16992,,2025-09-10 13:15:00
close_sell,1.17184,1.4400000000001079,2025-09-10 17:15:00
open_buy,1.17184,,2025-09-10 17:15:00
close_buy,1.16965,-0.6399999999997519,2025-09-10 23:00:00
open_sell,1.16965,,2025-09-10 23:00:00
close_sell,1.17386,-1.0599999999998388,2025-09-11 16:45:00
open_buy,1.17386,,2025-09-11 16:45:00
close_buy,1.17261,-1.260000000000261,2025-09-12 04:00:00
open_sell,1.17261,,2025-09-12 04:00:00
close_sell,1.17226,-1.120000000000232,2025-09-12 12:15:00
open_buy,1.17226,,2025-09-12 12:15:00
close_buy,1.17158,-1.3600000000000279,2025-09-12 12:30:00
open_sell,1.17158,,2025-09-12 12:30:00
close_sell,1.17292,-1.1799999999997368,2025-09-12 13:15:00
open_buy,1.17292,,2025-09-12 13:15:00
close_buy,1.17154,-1.020000000000021,2025-09-12 15:00:00
open_sell,1.17154,,2025-09-12 15:00:00
close_sell,1.17386,-0.6999999999997009,2025-09-12 21:30:00
open_buy,1.17386,,2025-09-12 21:30:00
close_buy,1.17279,0.19999999999997797,2025-09-15 06:00:00
open_sell,1.17279,,2025-09-15 06:00:00
close_sell,1.17353,0.18000000000029104,2025-09-15 10:30:00
open_buy,1.17353,,2025-09-15 10:30:00
close_buy,1.17621,-0.05999999999994898,2025-09-16 03:00:00
open_sell,1.17621,,2025-09-16 03:00:00
close_sell,1.17727,-0.34000000000000696,2025-09-16 05:15:00
open_buy,1.17727,,2025-09-16 05:15:00
close_buy,1.18547,-0.03999999999981796,2025-09-17 06:30:00
open_sell,1.18547,,2025-09-17 06:30:00
close_sell,1.18514,0.5799999999998029,2025-09-17 19:30:00
open_buy,1.18514,,2025-09-17 19:30:00
close_buy,1.1807699999999999,-0.660000000000327,2025-09-17 23:45:00
open_sell,1.1807699999999999,,2025-09-17 23:45:00
close_sell,1.18329,0.900000000000123,2025-09-18 13:00:00
open_buy,1.18329,,2025-09-18 13:00:00
close_buy,1.17758,0.280000000000058,2025-09-18 17:15:00
open_sell,1.17758,,2025-09-18 17:15:00
close_sell,1.17802,-0.48000000000003595,2025-09-19 03:30:00
open_buy,1.17802,,2025-09-19 03:30:00
close_buy,1.17748,0.34000000000000696,2025-09-19 05:15:00
open_sell,1.17748,,2025-09-19 05:15:00
close_sell,1.17614,-2.6999999999999247,2025-09-22 11:00:00
open_buy,1.17614,,2025-09-22 11:00:00
close_buy,1.1789,-1.020000000000021,2025-09-23 10:00:00
open_sell,1.1789,,2025-09-23 10:00:00
close_sell,1.1807,-0.5399999999999849,2025-09-23 20:00:00
open_buy,1.1807,,2025-09-23 20:00:00
close_buy,1.17961,-0.6200000000000649,2025-09-24 05:45:00
open_sell,1.17961,,2025-09-24 05:45:00
close_sell,1.17423,-0.16000000000016001,2025-09-25 03:15:00
open_buy,1.17423,,2025-09-25 03:15:00
close_buy,1.17415,-1.2199999999999989,2025-09-25 12:15:00
open_sell,1.17415,,2025-09-25 12:15:00
close_sell,1.16753,-0.9600000000000719,2025-09-26 05:15:00
open_buy,1.16753,,2025-09-26 05:15:00
close_buy,1.1674,1.3800000000001589,2025-09-26 15:00:00
open_sell,1.1674,,2025-09-26 15:00:00
close_sell,1.16906,2.2999999999999687,2025-09-26 17:45:00
open_buy,1.16906,,2025-09-26 17:45:00
close_buy,1.17092,-0.7600000000000939,2025-09-29 14:15:00
open_sell,1.17092,,2025-09-29 14:15:00
close_sell,1.17488,-1.3399999999998968,2025-09-29 16:30:00
open_buy,1.17488,,2025-09-29 16:30:00
close_buy,1.17221,-0.19999999999997797,2025-09-29 23:30:00
open_sell,1.17221,,2025-09-29 23:30:00
close_sell,1.17422,-0.860000000000305,2025-09-30 09:30:00
open_buy,1.17422,,2025-09-30 09:30:00
close_buy,1.17283,0.5399999999999849,2025-09-30 18:30:00
open_sell,1.17283,,2025-09-30 18:30:00
close_sell,1.17407,1.1600000000000499,2025-09-30 21:15:00
open_buy,1.17407,,2025-09-30 21:15:00
close_buy,1.1739,0.280000000000058,2025-09-30 22:45:00
open_sell,1.1739,,2025-09-30 22:45:00
close_sell,1.1734,0.99999999999989,2025-09-30 23:00:00
open_buy,1.1734,,2025-09-30 23:00:00
close_buy,1.1731,-0.08000000000008001,2025-10-01 00:45:00
open_sell,1.1731,,2025-10-01 00:45:00
close_sell,1.17583,-0.140000000000029,2025-10-01 08:00:00
open_buy,1.17583,,2025-10-01 08:00:00
close_buy,1.17338,-0.6800000000000139,2025-10-01 14:45:00
open_sell,1.17338,,2025-10-01 14:45:00
close_sell,1.17413,-0.6199999999996209,2025-10-02 05:00:00
open_buy,1.17413,,2025-10-02 05:00:00
close_buy,1.17095,-1.020000000000021,2025-10-02 17:30:00
open_sell,1.17095,,2025-10-02 17:30:00
close_sell,1.17197,0.6599999999998829,2025-10-03 03:30:00
open_buy,1.17197,,2025-10-03 03:30:00
close_buy,1.17167,-0.42000000000008697,2025-10-06 00:15:00
open_sell,1.17167,,2025-10-06 00:15:00
close_sell,1.17058,0.24000000000024005,2025-10-06 18:45:00
open_buy,1.17058,,2025-10-06 18:45:00
close_buy,1.17045,-0.22000000000010897,2025-10-07 04:15:00
open_sell,1.17045,,2025-10-07 04:15:00
close_sell,1.16512,0.39999999999995595,2025-10-07 22:15:00
open_buy,1.16512,,2025-10-07 22:15:00
close_buy,1.16514,0.34000000000000696,2025-10-07 23:00:00
open_sell,1.16514,,2025-10-07 23:00:00
close_sell,1.16347,-0.05999999999994898,2025-10-08 15:15:00
open_buy,1.16347,,2025-10-08 15:15:00
close_buy,1.16052,0.140000000000029,2025-10-08 20:15:00
open_sell,1.16052,,2025-10-08 20:15:00
close_sell,1.16329,-0.09999999999976693,2025-10-09 01:45:00
open_buy,1.16329,,2025-10-09 01:45:00
close_buy,1.16113,0.17999999999984695,2025-10-09 11:00:00
open_sell,1.16113,,2025-10-09 11:00:00
close_sell,1.15692,-1.3999999999998458,2025-10-10 05:00:00
open_buy,1.15692,,2025-10-10 05:00:00
close_buy,1.15666,0.16000000000016001,2025-10-10 16:30:00
open_sell,1.15666,,2025-10-10 16:30:00
close_sell,1.16263,-3.800000000000026,2025-10-10 18:15:00
open_buy,1.16263,,2025-10-10 18:15:00
close_buy,1.15943,1.8799999999998818,2025-10-13 12:00:00
open_sell,1.15943,,2025-10-13 12:00:00
close_sell,1.15853,-0.6800000000000139,2025-10-14 07:15:00
open_buy,1.15853,,2025-10-14 07:15:00
close_buy,1.15602,0.39999999999995595,2025-10-14 12:15:00
open_sell,1.15602,,2025-10-14 12:15:00
close_sell,1.1593,-0.7399999999999629,2025-10-14 18:30:00
open_buy,1.1593,,2025-10-14 18:30:00
close_buy,1.16268,0.03999999999981796,2025-10-15 16:45:00
open_sell,1.16268,,2025-10-15 16:45:00
close_sell,1.16288,0.08000000000008001,2025-10-15 20:45:00
open_buy,1.16288,,2025-10-15 20:45:00
close_buy,1.16578,-0.280000000000058,2025-10-16 12:45:00
open_sell,1.16578,,2025-10-16 12:45:00
close_sell,1.16759,0.12000000000034204,2025-10-16 18:00:00
open_buy,1.16759,,2025-10-16 18:00:00
close_buy,1.16891,-1.40000000000029,2025-10-17 13:45:00
open_sell,1.16891,,2025-10-17 13:45:00
close_sell,1.1671,-0.11999999999989797,2025-10-20 07:45:00
open_buy,1.1671,,2025-10-20 07:45:00
close_buy,1.16535,-0.7399999999999629,2025-10-20 13:15:00
open_sell,1.16535,,2025-10-20 13:15:00
close_sell,1.16075,-0.5399999999999849,2025-10-22 06:30:00
open_buy,1.16075,,2025-10-22 06:30:00
close_buy,1.15957,-0.04000000000026205,2025-10-22 12:30:00
open_sell,1.15957,,2025-10-22 12:30:00
close_sell,1.1619,-0.15999999999971593,2025-10-22 19:45:00
open_buy,1.1619,,2025-10-22 19:45:00
close_buy,1.16009,-0.5399999999999849,2025-10-23 04:00:00
open_sell,1.16009,,2025-10-23 04:00:00
close_sell,1.16151,-0.560000000000116,2025-10-23 17:30:00
open_buy,1.16151,,2025-10-23 17:30:00
close_buy,1.16085,-0.08000000000008001,2025-10-24 06:45:00
open_sell,1.16085,,2025-10-24 06:45:00
close_sell,1.16122,-0.019999999999686935,2025-10-24 14:00:00
open_buy,1.16122,,2025-10-24 14:00:00
close_buy,1.16279,0.03999999999981796,2025-10-27 08:15:00
open_sell,1.16279,,2025-10-27 08:15:00
close_sell,1.1641,0.20000000000042206,2025-10-27 12:45:00
open_buy,1.1641,,2025-10-27 12:45:00
close_buy,1.166,0.280000000000058,2025-10-28 12:30:00
open_sell,1.166,,2025-10-28 12:30:00
close_sell,1.16602,0.43999999999977396,2025-10-28 20:00:00
open_buy,1.16602,,2025-10-28 20:00:00
close_buy,1.16502,0.05999999999994898,2025-10-29 01:00:00
open_sell,1.16502,,2025-10-29 01:00:00
close_sell,1.16378,0.91999999999981,2025-10-29 15:30:00
open_buy,1.16378,,2025-10-29 15:30:00
close_buy,1.15897,2.280000000000282,2025-10-29 21:30:00
open_sell,1.15897,,2025-10-29 21:30:00
close_sell,1.16292,0.640000000000196,2025-10-30 06:30:00
open_buy,1.16292,,2025-10-30 06:30:00
close_buy,1.16087,0.5399999999999849,2025-10-30 13:00:00
open_sell,1.16087,,2025-10-30 13:00:00
close_sell,1.1567,1.2199999999999989,2025-10-31 03:45:00
open_buy,1.1567,,2025-10-31 03:45:00
close_buy,1.15611,0.91999999999981,2025-10-31 09:15:00
open_sell,1.15611,,2025-10-31 09:15:00
close_sell,1.15303,0.19999999999997797,2025-11-03 05:15:00
open_buy,1.15303,,2025-11-03 05:15:00
close_buy,1.15138,-0.17999999999984695,2025-11-03 11:45:00
open_sell,1.15138,,2025-11-03 11:45:00
close_sell,1.15226,0.17999999999984695,2025-11-03 20:30:00
open_buy,1.15226,,2025-11-03 20:30:00
close_buy,1.15158,-0.2999999999997449,2025-11-04 01:00:00
open_sell,1.15158,,2025-11-04 01:00:00
close_sell,1.15279,-1.020000000000021,2025-11-04 09:00:00
open_buy,1.15279,,2025-11-04 09:00:00
close_buy,1.14896,0.140000000000029,2025-11-04 14:00:00
open_sell,1.14896,,2025-11-04 14:00:00
close_sell,1.14871,0.280000000000058,2025-11-05 04:30:00
open_buy,1.14871,,2025-11-05 04:30:00
close_buy,1.1482700000000001,-0.09999999999976693,2025-11-05 12:45:00
open_sell,1.1482700000000001,,2025-11-05 12:45:00
close_sell,1.14914,-0.24000000000024005,2025-11-05 23:15:00
open_buy,1.14914,,2025-11-05 23:15:00
close_buy,1.1535199999999999,-0.10000000000021103,2025-11-07 05:15:00
open_sell,1.1535199999999999,,2025-11-07 05:15:00
close_sell,1.15571,-1.3600000000000279,2025-11-07 13:15:00
open_buy,1.15571,,2025-11-07 13:15:00
close_buy,1.15455,-1.500000000000057,2025-11-10 01:00:00
open_sell,1.15455,,2025-11-10 01:00:00
close_sell,1.15601,-0.31999999999987594,2025-11-10 09:15:00
open_buy,1.15601,,2025-11-10 09:15:00
close_buy,1.1544699999999999,-1.3000000000000789,2025-11-10 17:45:00
open_sell,1.1544699999999999,,2025-11-10 17:45:00
close_sell,1.15538,1.3799999999997148,2025-11-11 08:30:00
open_buy,1.15538,,2025-11-11 08:30:00
close_buy,1.15798,0.42000000000008697,2025-11-12 00:30:00
open_sell,1.15798,,2025-11-12 00:30:00
close_sell,1.15909,0.920000000000254,2025-11-12 18:15:00
open_buy,1.15909,,2025-11-12 18:15:00
close_buy,1.1588,0.500000000000167,2025-11-13 04:30:00
open_sell,1.1588,,2025-11-13 04:30:00
close_sell,1.1583,-0.06000000000039307,2025-11-13 08:30:00
open_buy,1.1583,,2025-11-13 08:30:00
close_buy,1.15851,0.4199999999996428,2025-11-13 08:45:00
open_sell,1.15851,,2025-11-13 08:45:00
close_sell,1.15927,-1.1600000000000499,2025-11-13 09:15:00
open_buy,1.15927,,2025-11-13 09:15:00
close_buy,1.16289,-0.140000000000029,2025-11-14 02:00:00
open_sell,1.16289,,2025-11-14 02:00:00
close_sell,1.16421,-0.05999999999994898,2025-11-14 07:15:00
open_buy,1.16421,,2025-11-14 07:15:00
close_buy,1.16202,-0.21999999999966494,2025-11-14 12:00:00
open_sell,1.16202,,2025-11-14 12:00:00
close_sell,1.15997,-1.9199999999996997,2025-11-18 06:15:00
open_buy,1.15997,,2025-11-18 06:15:00
close_buy,1.15828,0.280000000000058,2025-11-18 13:00:00
open_sell,1.15828,,2025-11-18 13:00:00
close_sell,1.15806,0.5199999999998539,2025-11-19 06:00:00
open_buy,1.15806,,2025-11-19 06:00:00
close_buy,1.15686,-1.6400000000000858,2025-11-19 12:45:00
open_sell,1.15686,,2025-11-19 12:45:00
close_sell,1.15135,-0.32000000000032003,2025-11-20 15:15:00
open_buy,1.15135,,2025-11-20 15:15:00
close_buy,1.153,0.04000000000026205,2025-11-21 02:15:00
open_sell,1.153,,2025-11-21 02:15:00
close_sell,1.15355,-0.06000000000039307,2025-11-21 05:00:00
open_buy,1.15355,,2025-11-21 05:00:00
close_buy,1.15206,0.44000000000021794,2025-11-21 13:15:00
open_sell,1.15206,,2025-11-21 13:15:00
close_sell,1.15062,-0.39999999999995595,2025-11-24 02:45:00
open_buy,1.15062,,2025-11-24 02:45:00
close_buy,1.15083,0.48000000000003595,2025-11-24 03:15:00
open_sell,1.15083,,2025-11-24 03:15:00
close_sell,1.15166,-0.5199999999998539,2025-11-24 04:30:00
open_buy,1.15166,,2025-11-24 04:30:00
close_buy,1.15183,0.6800000000000139,2025-11-24 19:30:00
open_sell,1.15183,,2025-11-24 19:30:00
close_sell,1.15277,-0.900000000000123,2025-11-25 04:45:00
open_buy,1.15277,,2025-11-25 04:45:00
close_buy,1.15141,0.380000000000269,2025-11-25 07:30:00
open_sell,1.15141,,2025-11-25 07:30:00
close_sell,1.15302,0.26000000000037105,2025-11-25 11:15:00
open_buy,1.15302,,2025-11-25 11:15:00
close_buy,1.1565699999999999,-0.360000000000138,2025-11-26 03:00:00
open_sell,1.1565699999999999,,2025-11-26 03:00:00
close_sell,1.1584,-0.580000000000247,2025-11-26 05:00:00
open_buy,1.1584,,2025-11-26 05:00:00
close_buy,1.15707,-0.280000000000058,2025-11-26 13:15:00
open_sell,1.15707,,2025-11-26 13:15:00
close_sell,1.1587399999999999,-0.25999999999992696,2025-11-26 19:15:00
open_buy,1.1587399999999999,,2025-11-26 19:15:00
close_buy,1.1586,-0.17999999999984695,2025-11-27 09:30:00
open_sell,1.1586,,2025-11-27 09:30:00
close_sell,1.15993,-0.5199999999998539,2025-11-27 18:15:00
open_buy,1.15993,,2025-11-27 18:15:00
close_buy,1.15823,-0.7399999999999629,2025-11-28 03:45:00
open_sell,1.15823,,2025-11-28 03:45:00
close_sell,1.16008,-1.0599999999998388,2025-11-28 18:30:00
open_buy,1.16008,,2025-11-28 18:30:00
close_buy,1.15972,0.24000000000024005,2025-12-01 07:45:00
open_sell,1.15972,,2025-12-01 07:45:00
close_sell,1.16174,-0.5999999999999339,2025-12-01 10:15:00
open_buy,1.16174,,2025-12-01 10:15:00
close_buy,1.16084,-0.5599999999996719,2025-12-01 21:00:00
open_sell,1.16084,,2025-12-01 21:00:00
close_sell,1.16093,0.0,2025-12-02 07:45:00
open_buy,1.16093,,2025-12-02 07:45:00
close_buy,1.16131,-0.6599999999998829,2025-12-02 15:15:00
open_sell,1.16131,,2025-12-02 15:15:00
close_sell,1.1616900000000001,-0.500000000000167,2025-12-02 15:45:00
open_buy,1.1616900000000001,,2025-12-02 15:45:00
close_buy,1.16062,1.020000000000021,2025-12-02 19:30:00
open_sell,1.16062,,2025-12-02 19:30:00
close_sell,1.16219,0.3799999999998249,2025-12-02 23:00:00
open_buy,1.16219,,2025-12-02 23:00:00
close_buy,1.16642,0.42000000000008697,2025-12-04 03:00:00
open_sell,1.16642,,2025-12-04 03:00:00
close_sell,1.16777,-0.48000000000003595,2025-12-04 11:15:00
open_buy,1.16777,,2025-12-04 11:15:00
close_buy,1.16548,-0.6800000000000139,2025-12-04 19:00:00
open_sell,1.16548,,2025-12-04 19:00:00
close_sell,1.1651,0.23999999999979593,2025-12-05 06:30:00
open_buy,1.1651,,2025-12-05 06:30:00
close_buy,1.16454,-1.180000000000181,2025-12-05 14:15:00
open_sell,1.16454,,2025-12-05 14:15:00
close_sell,1.16509,-0.140000000000029,2025-12-08 04:30:00
open_buy,1.16509,,2025-12-08 04:30:00
close_buy,1.1649,-0.140000000000029,2025-12-08 14:00:00
open_sell,1.1649,,2025-12-08 14:00:00
close_sell,1.1639,-0.19999999999997797,2025-12-09 03:00:00
open_buy,1.1639,,2025-12-09 03:00:00
close_buy,1.16429,0.140000000000029,2025-12-09 13:45:00
open_sell,1.16429,,2025-12-09 13:45:00
close_sell,1.16263,0.08000000000008001,2025-12-10 07:15:00
open_buy,1.16263,,2025-12-10 07:15:00
close_buy,1.16913,0.580000000000247,2025-12-11 09:00:00
open_sell,1.16913,,2025-12-11 09:00:00
close_sell,1.17065,-1.1600000000000499,2025-12-11 12:45:00
open_buy,1.17065,,2025-12-11 12:45:00
close_buy,1.17429,0.5399999999999849,2025-12-12 02:00:00
open_sell,1.17429,,2025-12-12 02:00:00
close_sell,1.17422,-1.959999999999962,2025-12-12 19:15:00
open_buy,1.17422,,2025-12-12 19:15:00
close_buy,1.17408,0.44000000000021794,2025-12-15 03:45:00
open_sell,1.17408,,2025-12-15 03:45:00
close_sell,1.17426,-0.300000000000189,2025-12-15 12:15:00
open_buy,1.17426,,2025-12-15 12:15:00
close_buy,1.17504,-0.07999999999963592,2025-12-15 22:45:00
open_sell,1.17504,,2025-12-15 22:45:00
close_sell,1.17542,-0.17999999999984695,2025-12-16 04:15:00
open_buy,1.17542,,2025-12-16 04:15:00
close_buy,1.17573,1.1600000000000499,2025-12-16 10:00:00
open_sell,1.17573,,2025-12-16 10:00:00
close_sell,1.17573,0.0,2025-12-16 10:15:00
open_buy,1.17573,,2025-12-16 10:15:00
close_buy,1.17586,0.2999999999997449,2025-12-16 22:00:00
open_sell,1.17586,,2025-12-16 22:00:00
close_sell,1.17488,-1.679999999999904,2025-12-17 17:00:00
open_buy,1.17488,,2025-12-17 17:00:00
close_buy,1.17407,-0.39999999999995595,2025-12-18 02:30:00
open_sell,1.17407,,2025-12-18 02:30:00
close_sell,1.17439,-0.31999999999987594,2025-12-18 08:30:00
open_buy,1.17439,,2025-12-18 08:30:00
close_buy,1.1718600000000001,-1.4999999999996128,2025-12-18 11:15:00
open_sell,1.1718600000000001,,2025-12-18 11:15:00
close_sell,1.17229,-0.780000000000225,2025-12-18 19:30:00
open_buy,1.17229,,2025-12-18 19:30:00
close_buy,1.1718899999999999,-0.16000000000016001,2025-12-18 20:45:00
open_sell,1.1718899999999999,,2025-12-18 20:45:00
close_sell,1.17227,0.660000000000327,2025-12-19 17:00:00
open_buy,1.17227,,2025-12-19 17:00:00
close_buy,1.17095,-0.24000000000024005,2025-12-22 01:45:00
open_sell,1.17095,,2025-12-22 01:45:00
close_sell,1.17195,-0.05999999999994898,2025-12-22 06:45:00
open_buy,1.17195,,2025-12-22 06:45:00
close_buy,1.17755,0.0,2025-12-23 18:30:00
open_sell,1.17755,,2025-12-23 18:30:00
close_sell,1.17892,-0.11999999999989797,2025-12-24 00:15:00
open_buy,1.17892,,2025-12-24 00:15:00
close_buy,1.17879,-0.8799999999999919,2025-12-24 09:30:00
open_sell,1.17879,,2025-12-24 09:30:00
close_sell,1.1799,-0.8599999999998608,2025-12-24 11:45:00
open_buy,1.1799,,2025-12-24 11:45:00
close_buy,1.17957,-0.05999999999994898,2025-12-24 12:45:00
open_sell,1.17957,,2025-12-24 12:45:00
close_sell,1.17869,-0.900000000000123,2025-12-26 03:15:00
open_buy,1.17869,,2025-12-26 03:15:00
close_buy,1.17722,0.25999999999992696,2025-12-26 09:45:00
open_sell,1.17722,,2025-12-26 09:45:00
close_sell,1.1785,0.6800000000000139,2025-12-26 16:30:00
open_buy,1.1785,,2025-12-26 16:30:00
close_buy,1.17721,0.08000000000008001,2025-12-26 20:30:00
open_sell,1.17721,,2025-12-26 20:30:00
close_sell,1.17743,0.16000000000016001,2025-12-29 05:00:00
open_buy,1.17743,,2025-12-29 05:00:00
close_buy,1.17551,-0.03999999999981796,2025-12-29 08:00:00
open_sell,1.17551,,2025-12-29 08:00:00
close_sell,1.1764999999999999,1.8200000000003769,2025-12-29 12:45:00
open_buy,1.1764999999999999,,2025-12-29 12:45:00
close_buy,1.17564,-1.0799999999999699,2025-12-29 14:30:00
open_sell,1.17564,,2025-12-29 14:30:00
close_sell,1.17637,0.700000000000145,2025-12-29 18:00:00
open_buy,1.17637,,2025-12-29 18:00:00
close_buy,1.17554,-0.8200000000000429,2025-12-29 18:45:00
open_sell,1.17554,,2025-12-29 18:45:00
close_sell,1.17685,0.39999999999995595,2025-12-30 01:15:00
open_buy,1.17685,,2025-12-30 01:15:00
close_buy,1.17731,-0.4199999999996428,2025-12-30 12:45:00
open_sell,1.17731,,2025-12-30 12:45:00
close_sell,1.17499,0.900000000000123,2025-12-31 15:00:00
open_buy,1.17499,,2025-12-31 15:00:00
close_buy,1.17353,0.560000000000116,2025-12-31 19:45:00
open_sell,1.17353,,2025-12-31 19:45:00
close_sell,1.17476,-0.16000000000016001,2025-12-31 22:30:00
open_buy,1.17476,,2025-12-31 22:30:00
close_buy,1.17464,-0.12000000000034204,2025-12-31 23:15:00
open_sell,1.17464,,2025-12-31 23:15:00
close_sell,1.17441,0.459999999999905,2025-12-31 23:30:00
open_buy,1.17441,,2025-12-31 23:30:00
close_buy,1.17342,0.0,2026-01-02 10:00:00
open_sell,1.17342,,2026-01-02 10:00:00
close_sell,1.17332,-0.05999999999994898,2026-01-02 19:30:00
open_buy,1.17332,,2026-01-02 19:30:00
close_buy,1.17158,-0.23999999999979593,2026-01-05 00:00:00
open_sell,1.17158,,2026-01-05 00:00:00
close_sell,1.17135,-0.779999999999781,2026-01-05 18:30:00
open_buy,1.17135,,2026-01-05 18:30:00
close_buy,1.17065,-1.120000000000232,2026-01-06 13:00:00
open_sell,1.17065,,2026-01-06 13:00:00
close_sell,1.16973,-0.3599999999996939,2026-01-07 05:00:00
open_buy,1.16973,,2026-01-07 05:00:00
close_buy,1.16851,0.8999999999996788,2026-01-07 10:45:00
open_sell,1.16851,,2026-01-07 10:45:00
close_sell,1.16875,0.19999999999997797,2026-01-07 19:00:00
open_buy,1.16875,,2026-01-07 19:00:00
close_buy,1.16807,-0.22000000000010897,2026-01-07 22:00:00
open_sell,1.16807,,2026-01-07 22:00:00
close_sell,1.16807,0.22000000000010897,2026-01-08 08:00:00
open_buy,1.16807,,2026-01-08 08:00:00
close_buy,1.16779,0.16000000000016001,2026-01-08 12:30:00
open_sell,1.16779,,2026-01-08 12:30:00
close_sell,1.16561,0.19999999999997797,2026-01-09 05:15:00
open_buy,1.16561,,2026-01-09 05:15:00
close_buy,1.16443,-0.019999999999686935,2026-01-09 09:15:00
open_sell,1.16443,,2026-01-09 09:15:00
close_sell,1.16651,0.020000000000131024,2026-01-12 03:15:00
open_buy,1.16651,,2026-01-12 03:15:00
close_buy,1.16696,0.280000000000058,2026-01-12 19:30:00
open_sell,1.16696,,2026-01-12 19:30:00
close_sell,1.16686,-0.31999999999987594,2026-01-13 11:30:00
open_buy,1.16686,,2026-01-13 11:30:00
close_buy,1.16479,0.11999999999989797,2026-01-13 17:30:00
open_sell,1.16479,,2026-01-13 17:30:00
close_sell,1.1648399999999999,-0.47999999999959186,2026-01-14 08:45:00
open_buy,1.1648399999999999,,2026-01-14 08:45:00
close_buy,1.16376,0.15999999999971593,2026-01-14 21:30:00
open_sell,1.16376,,2026-01-14 21:30:00
close_sell,1.1612,-0.31999999999987594,2026-01-16 06:15:00
open_buy,1.1612,,2026-01-16 06:15:00
close_buy,1.15977,-1.020000000000021,2026-01-16 18:45:00
open_sell,1.15977,,2026-01-16 18:45:00
close_sell,1.1625,-0.16000000000016001,2026-01-19 03:30:00
open_buy,1.1625,,2026-01-19 03:30:00
close_buy,1.16239,0.48000000000003595,2026-01-19 13:30:00
open_sell,1.16239,,2026-01-19 13:30:00
close_sell,1.16309,0.08000000000008001,2026-01-19 16:00:00
open_buy,1.16309,,2026-01-19 16:00:00
close_buy,1.16391,-0.22000000000010897,2026-01-20 03:30:00
open_sell,1.16391,,2026-01-20 03:30:00
close_sell,1.16578,-0.380000000000269,2026-01-20 06:00:00
open_buy,1.16578,,2026-01-20 06:00:00
close_buy,1.17218,0.5999999999999339,2026-01-20 23:00:00
open_sell,1.17218,,2026-01-20 23:00:00
close_sell,1.17239,2.9599999999998516,2026-01-21 16:00:00
open_buy,1.17239,,2026-01-21 16:00:00
close_buy,1.16985,-0.7399999999999629,2026-01-21 20:00:00
open_sell,1.16985,,2026-01-21 20:00:00
close_sell,1.16877,0.6800000000000139,2026-01-22 07:15:00
open_buy,1.16877,,2026-01-22 07:15:00
close_buy,1.17493,0.360000000000138,2026-01-23 06:45:00
open_sell,1.17493,,2026-01-23 06:45:00
close_sell,1.17574,-1.7599999999999838,2026-01-23 17:45:00
open_buy,1.17574,,2026-01-23 17:45:00
close_buy,1.1844999999999999,-1.56000000000045,2026-01-26 11:00:00
open_sell,1.1844999999999999,,2026-01-26 11:00:00
close_sell,1.18838,-0.9399999999999409,2026-01-26 17:30:00
open_buy,1.18838,,2026-01-26 17:30:00
close_buy,1.18766,0.2999999999997449,2026-01-27 03:30:00
open_sell,1.18766,,2026-01-27 03:30:00
close_sell,1.18847,-0.2799999999996139,2026-01-27 05:30:00
open_buy,1.18847,,2026-01-27 05:30:00
close_buy,1.18726,0.17999999999984695,2026-01-27 09:30:00
open_sell,1.18726,,2026-01-27 09:30:00
close_sell,1.19223,-1.2199999999999989,2026-01-27 14:30:00
open_buy,1.19223,,2026-01-27 14:30:00
close_buy,1.19995,1.020000000000021,2026-01-28 06:45:00
open_sell,1.19995,,2026-01-28 06:45:00
close_sell,1.19815,-0.6800000000000139,2026-01-29 02:15:00
open_buy,1.19815,,2026-01-29 02:15:00
close_buy,1.19501,-0.5399999999999849,2026-01-29 12:30:00
open_sell,1.19501,,2026-01-29 12:30:00
close_sell,1.19669,-0.560000000000116,2026-01-29 23:00:00
open_buy,1.19669,,2026-01-29 23:00:00
close_buy,1.19077,-0.779999999999781,2026-01-30 04:15:00
open_sell,1.19077,,2026-01-30 04:15:00
close_sell,1.19513,-0.5799999999998029,2026-01-30 14:00:00
open_buy,1.19513,,2026-01-30 14:00:00
close_buy,1.18897,-3.239999999999909,2026-01-30 17:00:00
open_sell,1.18897,,2026-01-30 17:00:00
close_sell,1.18606,0.360000000000138,2026-02-02 07:00:00
open_buy,1.18606,,2026-02-02 07:00:00
close_buy,1.1853799999999999,-1.3600000000000279,2026-02-02 07:15:00
open_sell,1.1853799999999999,,2026-02-02 07:15:00
close_sell,1.18518,0.39999999999995595,2026-02-02 07:30:00
open_buy,1.18518,,2026-02-02 07:30:00
close_buy,1.185,-0.3599999999996939,2026-02-02 07:45:00
open_sell,1.185,,2026-02-02 07:45:00
close_sell,1.18468,0.640000000000196,2026-02-02 08:00:00
open_buy,1.18468,,2026-02-02 08:00:00
close_buy,1.1852,1.3000000000000789,2026-02-02 08:30:00
open_sell,1.1852,,2026-02-02 08:30:00
close_sell,1.18096,0.7399999999999629,2026-02-03 04:00:00
open_buy,1.18096,,2026-02-03 04:00:00
close_buy,1.17906,0.24000000000024005,2026-02-03 13:15:00
open_sell,1.17906,,2026-02-03 13:15:00
close_sell,1.18137,0.900000000000123,2026-02-03 19:30:00
open_buy,1.18137,,2026-02-03 19:30:00
close_buy,1.18076,-1.040000000000152,2026-02-04 13:00:00
open_sell,1.18076,,2026-02-04 13:00:00
close_sell,1.18197,-1.7200000000001658,2026-02-05 16:00:00
open_buy,1.18197,,2026-02-05 16:00:00
close_buy,1.17936,-0.300000000000189,2026-02-05 21:30:00
open_sell,1.17936,,2026-02-05 21:30:00
close_sell,1.1797,-0.48000000000003595,2026-02-06 07:00:00
open_buy,1.1797,,2026-02-06 07:00:00
close_buy,1.19019,0.16000000000016001,2026-02-10 03:00:00
open_sell,1.19019,,2026-02-10 03:00:00
close_sell,1.19186,-0.8999999999996788,2026-02-10 11:15:00
open_buy,1.19186,,2026-02-10 11:15:00
close_buy,1.18923,-0.10000000000021103,2026-02-10 15:15:00
open_sell,1.18923,,2026-02-10 15:15:00
close_sell,1.19097,-0.4600000000003491,2026-02-11 05:30:00
open_buy,1.19097,,2026-02-11 05:30:00
close_buy,1.18659,-6.819999999999827,2026-02-11 15:30:00
open_sell,1.18659,,2026-02-11 15:30:00
close_sell,1.18772,-0.500000000000167,2026-02-12 04:30:00
open_buy,1.18772,,2026-02-12 04:30:00
close_buy,1.18673,-0.34000000000000696,2026-02-12 06:00:00
open_sell,1.18673,,2026-02-12 06:00:00
close_sell,1.18796,-0.3599999999996939,2026-02-12 12:15:00
open_buy,1.18796,,2026-02-12 12:15:00
close_buy,1.18586,-0.560000000000116,2026-02-12 20:15:00
open_sell,1.18586,,2026-02-12 20:15:00
close_sell,1.18662,0.34000000000000696,2026-02-13 05:45:00
open_buy,1.18662,,2026-02-13 05:45:00
close_buy,1.18617,0.0,2026-02-13 07:30:00
open_sell,1.18617,,2026-02-13 07:30:00
close_sell,1.18692,-2.1399999999998087,2026-02-13 17:00:00
open_buy,1.18692,,2026-02-13 17:00:00
close_buy,1.18607,-0.6200000000000649,2026-02-16 02:45:00
open_sell,1.18607,,2026-02-16 02:45:00
close_sell,1.18643,-0.10000000000021103,2026-02-16 12:00:00
open_buy,1.18643,,2026-02-16 12:00:00
close_buy,1.18616,-0.3799999999998249,2026-02-16 13:30:00
open_sell,1.18616,,2026-02-16 13:30:00
close_sell,1.18478,-0.09999999999976693,2026-02-17 22:00:00
open_buy,1.18478,,2026-02-17 22:00:00
close_buy,1.18412,-0.140000000000029,2026-02-18 06:45:00
open_sell,1.18412,,2026-02-18 06:45:00
close_sell,1.17868,0.39999999999995595,2026-02-19 07:00:00
open_buy,1.17868,,2026-02-19 07:00:00
close_buy,1.17734,-0.09999999999976693,2026-02-19 14:30:00
open_sell,1.17734,,2026-02-19 14:30:00
close_sell,1.17687,-0.740000000000407,2026-02-20 00:30:00
open_buy,1.17687,,2026-02-20 00:30:00
close_buy,1.17538,-0.17999999999984695,2026-02-20 04:45:00
open_sell,1.17538,,2026-02-20 04:45:00
close_sell,1.17641,-0.459999999999905,2026-02-20 13:15:00
open_buy,1.17641,,2026-02-20 13:15:00
close_buy,1.17954,-0.9399999999999409,2026-02-23 12:00:00
open_sell,1.17954,,2026-02-23 12:00:00
close_sell,1.17848,-0.16000000000016001,2026-02-24 12:15:00
open_buy,1.17848,,2026-02-24 12:15:00
close_buy,1.17728,0.12000000000034204,2026-02-24 16:45:00
open_sell,1.17728,,2026-02-24 16:45:00
close_sell,1.1780599999999999,-0.03999999999981796,2026-02-24 21:15:00
open_buy,1.1780599999999999,,2026-02-24 21:15:00
close_buy,1.17688,0.2999999999997449,2026-02-25 00:00:00
open_sell,1.17688,,2026-02-25 00:00:00
close_sell,1.17892,-0.43999999999977396,2026-02-25 05:30:00
open_buy,1.17892,,2026-02-25 05:30:00
close_buy,1.17743,0.39999999999995595,2026-02-25 13:45:00
open_sell,1.17743,,2026-02-25 13:45:00
close_sell,1.18093,0.31999999999987594,2026-02-25 19:15:00
open_buy,1.18093,,2026-02-25 19:15:00
close_buy,1.18002,-0.34000000000000696,2026-02-26 11:00:00
open_sell,1.18002,,2026-02-26 11:00:00
close_sell,1.18015,0.19999999999997797,2026-02-27 02:00:00
open_buy,1.18015,,2026-02-27 02:00:00
close_buy,1.18027,0.17999999999984695,2026-02-27 15:00:00
open_sell,1.18027,,2026-02-27 15:00:00
close_sell,1.18214,-0.9799999999997588,2026-02-27 18:45:00
open_buy,1.18214,,2026-02-27 18:45:00
close_buy,1.17596,-3.0200000000002447,2026-03-02 01:15:00
open_sell,1.17596,,2026-03-02 01:15:00
close_sell,1.16927,-1.3000000000000789,2026-03-03 05:30:00
open_buy,1.16927,,2026-03-03 05:30:00
close_buy,1.16804,-1.0599999999998388,2026-03-03 06:45:00
open_sell,1.16804,,2026-03-03 06:45:00
close_sell,1.16212,-0.380000000000269,2026-03-03 22:15:00
open_buy,1.16212,,2026-03-03 22:15:00
close_buy,1.16017,0.5199999999998539,2026-03-04 05:30:00
open_sell,1.16017,,2026-03-04 05:30:00
close_sell,1.16064,-1.4999999999996128,2026-03-04 11:00:00
open_buy,1.16064,,2026-03-04 11:00:00
close_buy,1.16282,-0.8400000000001739,2026-03-04 23:45:00
open_sell,1.16282,,2026-03-04 23:45:00
close_sell,1.16342,0.08000000000008001,2026-03-05 01:45:00
open_buy,1.16342,,2026-03-05 01:45:00
close_buy,1.1613,-1.3800000000001589,2026-03-05 05:15:00
open_sell,1.1613,,2026-03-05 05:15:00
close_sell,1.16125,1.8800000000003259,2026-03-05 15:15:00
open_buy,1.16125,,2026-03-05 15:15:00
close_buy,1.16,-0.360000000000138,2026-03-05 17:00:00
open_sell,1.16,,2026-03-05 17:00:00
close_sell,1.16052,-0.08000000000008001,2026-03-06 01:15:00
open_buy,1.16052,,2026-03-06 01:15:00
close_buy,1.15903,-2.4000000000001798,2026-03-06 11:00:00
open_sell,1.15903,,2026-03-06 11:00:00
close_sell,1.16019,0.6399999999997519,2026-03-06 20:30:00
open_buy,1.16019,,2026-03-06 20:30:00
close_buy,1.15242,-0.5999999999999339,2026-03-09 01:45:00
open_sell,1.15242,,2026-03-09 01:45:00
close_sell,1.15262,-0.8799999999999919,2026-03-09 10:30:00
open_buy,1.15262,,2026-03-09 10:30:00
close_buy,1.16277,-0.019999999999686935,2026-03-10 08:15:00
open_sell,1.16277,,2026-03-10 08:15:00
close_sell,1.1651,1.8199999999999328,2026-03-10 10:00:00
open_buy,1.1651,,2026-03-10 10:00:00
close_buy,1.16251,0.280000000000058,2026-03-10 21:00:00
open_sell,1.16251,,2026-03-10 21:00:00
close_sell,1.16314,-0.12000000000034204,2026-03-11 06:15:00
open_buy,1.16314,,2026-03-11 06:15:00
close_buy,1.16009,1.900000000000013,2026-03-11 12:00:00
open_sell,1.16009,,2026-03-11 12:00:00
close_sell,1.15587,-0.8399999999997299,2026-03-12 11:30:00
open_buy,1.15587,,2026-03-12 11:30:00
close_buy,1.15199,-0.6999999999997009,2026-03-12 16:45:00
open_sell,1.15199,,2026-03-12 16:45:00
close_sell,1.15173,-0.31999999999987594,2026-03-13 04:00:00
open_buy,1.15173,,2026-03-13 04:00:00
close_buy,1.15011,-0.5399999999999849,2026-03-13 06:30:00
open_sell,1.15011,,2026-03-13 06:30:00
close_sell,1.1448,-0.140000000000029,2026-03-16 05:00:00
open_buy,1.1448,,2026-03-16 05:00:00
close_buy,1.14442,1.100000000000101,2026-03-16 10:45:00
open_sell,1.14442,,2026-03-16 10:45:00
close_sell,1.14739,0.16000000000016001,2026-03-16 13:00:00
open_buy,1.14739,,2026-03-16 13:00:00
close_buy,1.1488,-0.91999999999981,2026-03-17 03:15:00
open_sell,1.1488,,2026-03-17 03:15:00
close_sell,1.15096,1.260000000000261,2026-03-17 12:00:00
open_buy,1.15096,,2026-03-17 12:00:00
close_buy,1.15378,0.10000000000021103,2026-03-18 06:15:00
open_sell,1.15378,,2026-03-18 06:15:00
close_sell,1.15481,-0.47999999999959186,2026-03-18 08:15:00
open_buy,1.15481,,2026-03-18 08:15:00
close_buy,1.15427,0.91999999999981,2026-03-18 12:00:00
open_sell,1.15427,,2026-03-18 12:00:00
close_sell,1.14683,0.020000000000131024,2026-03-19 06:45:00
open_buy,1.14683,,2026-03-19 06:45:00
close_buy,1.14511,0.8000000000003561,2026-03-19 10:15:00
open_sell,1.14511,,2026-03-19 10:15:00
close_sell,1.14805,1.5200000000001879,2026-03-19 15:15:00
open_buy,1.14805,,2026-03-19 15:15:00
close_buy,1.1557,0.19999999999997797,2026-03-20 06:00:00
open_sell,1.1557,,2026-03-20 06:00:00
close_sell,1.15779,-2.000000000000224,2026-03-20 13:30:00
open_buy,1.15779,,2026-03-20 13:30:00
close_buy,1.15533,-0.7399999999999629,2026-03-20 15:15:00
open_sell,1.15533,,2026-03-20 15:15:00
close_sell,1.1559599999999999,0.8000000000003561,2026-03-20 22:30:00
open_buy,1.1559599999999999,,2026-03-20 22:30:00
close_buy,1.15483,0.22000000000010897,2026-03-23 05:30:00
open_sell,1.15483,,2026-03-23 05:30:00
close_sell,1.15907,-0.8599999999998608,2026-03-23 15:30:00
open_buy,1.15907,,2026-03-23 15:30:00
close_buy,1.15937,1.1999999999998678,2026-03-24 03:00:00
open_sell,1.15937,,2026-03-24 03:00:00
close_sell,1.15882,0.8200000000000429,2026-03-24 12:15:00
open_buy,1.15882,,2026-03-24 12:15:00
close_buy,1.15689,-0.17999999999984695,2026-03-24 15:30:00
open_sell,1.15689,,2026-03-24 15:30:00
close_sell,1.16071,-0.4999999999997229,2026-03-24 23:45:00
open_buy,1.16071,,2026-03-24 23:45:00
close_buy,1.15905,0.4199999999996428,2026-03-25 08:15:00
open_sell,1.15905,,2026-03-25 08:15:00
close_sell,1.15686,0.280000000000058,2026-03-26 06:45:00
open_buy,1.15686,,2026-03-26 06:45:00
close_buy,1.15599,0.16000000000016001,2026-03-26 11:00:00
open_sell,1.15599,,2026-03-26 11:00:00
close_sell,1.15383,-0.11999999999989797,2026-03-27 04:15:00
open_buy,1.15383,,2026-03-27 04:15:00
close_buy,1.15202,-0.5199999999998539,2026-03-27 10:45:00
open_sell,1.15202,,2026-03-27 10:45:00
close_sell,1.15083,0.09999999999976693,2026-03-27 19:30:00
open_buy,1.15083,,2026-03-27 19:30:00
close_buy,1.15125,-0.03999999999981796,2026-03-27 21:30:00
open_sell,1.15125,,2026-03-27 21:30:00
close_sell,1.15184,-0.48000000000003595,2026-03-30 07:15:00
open_buy,1.15184,,2026-03-30 07:15:00
close_buy,1.14935,1.000000000000334,2026-03-30 12:30:00
open_sell,1.14935,,2026-03-30 12:30:00
close_sell,1.14886,-2.3800000000000487,2026-03-31 04:15:00
open_buy,1.14886,,2026-03-31 04:15:00
close_buy,1.14583,-1.1600000000000499,2026-03-31 13:45:00
open_sell,1.14583,,2026-03-31 13:45:00
close_sell,1.14905,-0.9399999999999409,2026-03-31 14:45:00
open_buy,1.14905,,2026-03-31 14:45:00
close_buy,1.15832,-0.42000000000008697,2026-04-01 22:45:00
open_sell,1.15832,,2026-04-01 22:45:00
close_sell,1.15444,0.900000000000123,2026-04-02 18:45:00
open_buy,1.15444,,2026-04-02 18:45:00
close_buy,1.15379,0.08000000000008001,2026-04-03 04:00:00
open_sell,1.15379,,2026-04-03 04:00:00
close_sell,1.15419,-0.25999999999992696,2026-04-03 11:15:00
open_buy,1.15419,,2026-04-03 11:15:00
close_buy,1.15252,-0.04000000000026205,2026-04-03 17:30:00
open_sell,1.15252,,2026-04-03 17:30:00
close_sell,1.15237,-0.3799999999998249,2026-04-06 07:45:00
open_buy,1.15237,,2026-04-06 07:45:00
close_buy,1.15439,-1.1999999999998678,2026-04-06 21:30:00
open_sell,1.15439,,2026-04-06 21:30:00
close_sell,1.15653,-4.6400000000001995,2026-04-07 11:00:00
open_buy,1.15653,,2026-04-07 11:00:00
close_buy,1.16734,-0.31999999999987594,2026-04-08 20:30:00
open_sell,1.16734,,2026-04-08 20:30:00
close_sell,1.1663000000000001,-0.24000000000024005,2026-04-09 08:15:00
open_buy,1.1663000000000001,,2026-04-09 08:15:00
close_buy,1.16875,-0.660000000000327,2026-04-10 03:00:00
open_sell,1.16875,,2026-04-10 03:00:00
close_sell,1.1713,-0.31999999999987594,2026-04-10 13:30:00
open_buy,1.1713,,2026-04-10 13:30:00
close_buy,1.16676,-1.4799999999999258,2026-04-13 00:45:00
open_sell,1.16676,,2026-04-13 00:45:00
close_sell,1.16965,-0.32000000000032003,2026-04-13 10:45:00
open_buy,1.16965,,2026-04-13 10:45:00
close_buy,1.17912,0.0,2026-04-14 22:45:00
open_sell,1.17912,,2026-04-14 22:45:00
close_sell,1.18002,0.6399999999997519,2026-04-15 18:30:00
open_buy,1.18002,,2026-04-15 18:30:00
close_buy,1.17791,-0.9399999999999409,2026-04-16 11:15:00
open_sell,1.17791,,2026-04-16 11:15:00
close_sell,1.17848,-0.3799999999998249,2026-04-17 01:30:00
open_buy,1.17848,,2026-04-17 01:30:00
close_buy,1.1782,-0.18000000000029104,2026-04-17 07:15:00
open_sell,1.1782,,2026-04-17 07:15:00
close_sell,1.17794,0.020000000000131024,2026-04-17 10:30:00
open_buy,1.17794,,2026-04-17 10:30:00
close_buy,1.17822,0.5999999999999339,2026-04-17 22:00:00
open_sell,1.17822,,2026-04-17 22:00:00
close_sell,1.17643,-0.5399999999999849,2026-04-20 09:45:00
open_buy,1.17643,,2026-04-20 09:45:00
close_buy,1.17787,0.22000000000010897,2026-04-21 05:45:00
open_sell,1.17787,,2026-04-21 05:45:00
close_sell,1.17398,0.020000000000131024,2026-04-22 06:00:00
open_buy,1.17398,,2026-04-22 06:00:00
close_buy,1.1727,0.280000000000058,2026-04-22 15:45:00
open_sell,1.1727,,2026-04-22 15:45:00
close_sell,1.17027,-0.9600000000000719,2026-04-23 19:15:00
open_buy,1.17027,,2026-04-23 19:15:00
close_buy,1.16814,-0.920000000000254,2026-04-23 23:00:00
open_sell,1.16814,,2026-04-23 23:00:00
close_sell,1.16892,-0.5799999999998029,2026-04-24 11:45:00
open_buy,1.16892,,2026-04-24 11:45:00
close_buy,1.17054,-0.10000000000021103,2026-04-27 02:30:00
open_sell,1.17054,,2026-04-27 02:30:00
close_sell,1.17233,-0.18000000000029104,2026-04-27 05:15:00
open_buy,1.17233,,2026-04-27 05:15:00
close_buy,1.1722,-0.4600000000003491,2026-04-27 20:15:00
open_sell,1.1722,,2026-04-27 20:15:00
close_sell,1.17083,-0.48000000000003595,2026-04-28 19:30:00
open_buy,1.17083,,2026-04-28 19:30:00
close_buy,1.17053,0.0,2026-04-29 07:30:00
open_sell,1.17053,,2026-04-29 07:30:00
close_sell,1.16901,-0.8200000000000429,2026-04-30 12:30:00
open_buy,1.16901,,2026-04-30 12:30:00
close_buy,1.17239,-0.19999999999997797,2026-05-01 08:15:00
open_sell,1.17239,,2026-05-01 08:15:00
close_sell,1.17443,-0.12000000000034204,2026-05-01 11:30:00
open_buy,1.17443,,2026-05-01 11:30:00
close_buy,1.17239,-0.5399999999999849,2026-05-01 22:00:00
open_sell,1.17239,,2026-05-01 22:00:00
close_sell,1.1728,-0.08000000000008001,2026-05-04 09:45:00
open_buy,1.1728,,2026-05-04 09:45:00
close_buy,1.17172,-0.11999999999989797,2026-05-04 10:45:00
open_sell,1.17172,,2026-05-04 10:45:00
close_sell,1.16887,0.17999999999984695,2026-05-05 13:00:00
open_buy,1.16887,,2026-05-05 13:00:00
close_buy,1.16891,0.25999999999992696,2026-05-06 00:30:00
open_sell,1.16891,,2026-05-06 00:30:00
close_sell,1.1719,-1.1799999999997368,2026-05-06 03:30:00
open_buy,1.1719,,2026-05-06 03:30:00
close_buy,1.17527,0.360000000000138,2026-05-06 20:15:00
open_sell,1.17527,,2026-05-06 20:15:00
close_sell,1.17583,0.720000000000276,2026-05-07 04:45:00
open_buy,1.17583,,2026-05-07 04:45:00
close_buy,1.17484,1.040000000000152,2026-05-07 20:45:00
open_sell,1.17484,,2026-05-07 20:45:00
close_sell,1.17468,-1.3799999999997148,2026-05-08 09:15:00
open_buy,1.17468,,2026-05-08 09:15:00
close_buy,1.17634,0.6399999999997519,2026-05-11 01:30:00
open_sell,1.17634,,2026-05-11 01:30:00
close_sell,1.17726,-0.3799999999998249,2026-05-11 12:00:00
open_buy,1.17726,,2026-05-11 12:00:00
close_buy,1.17642,-0.43999999999977396,2026-05-12 04:00:00
open_sell,1.17642,,2026-05-12 04:00:00
close_sell,1.17388,-0.11999999999989797,2026-05-13 01:45:00
open_buy,1.17388,,2026-05-13 01:45:00
close_buy,1.17331,-0.11999999999989797,2026-05-13 07:15:00
open_sell,1.17331,,2026-05-13 07:15:00
close_sell,1.1708,-0.39999999999995595,2026-05-13 21:30:00
open_buy,1.1708,,2026-05-13 21:30:00
close_buy,1.17142,0.2999999999997449,2026-05-14 09:30:00
open_sell,1.17142,,2026-05-14 09:30:00
close_sell,1.16299,-0.48000000000003595,2026-05-18 09:15:00
open_buy,1.16299,,2026-05-18 09:15:00
close_buy,1.1643,-0.22000000000010897,2026-05-19 06:30:00
open_sell,1.1643,,2026-05-19 06:30:00
close_sell,1.16161,-0.7600000000000939,2026-05-20 17:30:00
open_buy,1.16161,,2026-05-20 17:30:00
close_buy,1.16184,-0.380000000000269,2026-05-21 06:45:00
open_sell,1.16184,,2026-05-21 06:45:00
close_sell,1.16168,0.7600000000000939,2026-05-21 23:00:00
open_buy,1.16168,,2026-05-21 23:00:00
close_buy,1.16129,-0.10000000000021103,2026-05-22 07:15:00
open_sell,1.16129,,2026-05-22 07:15:00
close_sell,1.16125,0.640000000000196,2026-05-22 20:30:00
open_buy,1.16125,,2026-05-22 20:30:00
close_buy,1.16412,-0.16000000000016001,2026-05-25 13:15:00
open_sell,1.16412,,2026-05-25 13:15:00
close_sell,1.1641,0.22000000000010897,2026-05-25 14:00:00
open_buy,1.1641,,2026-05-25 14:00:00
close_buy,1.16427,0.019999999999686935,2026-05-25 21:00:00
open_sell,1.16427,,2026-05-25 21:00:00
close_sell,1.16417,0.25999999999992696,2026-05-25 22:00:00
open_buy,1.16417,,2026-05-25 22:00:00
close_buy,1.16421,-0.03999999999981796,2026-05-25 22:30:00
open_sell,1.16421,,2026-05-25 22:30:00
close_sell,1.16421,0.0,2026-05-26 13:15:00
open_buy,1.16421,,2026-05-26 13:15:00
close_buy,1.16253,0.300000000000189,2026-05-26 17:30:00
open_sell,1.16253,,2026-05-26 17:30:00
close_sell,1.16328,-0.10000000000021103,2026-05-27 01:45:00
open_buy,1.16328,,2026-05-27 01:45:00
close_buy,1.16328,1.6000000000002679,2026-05-27 18:00:00
open_sell,1.16328,,2026-05-27 18:00:00
close_sell,1.1614,-0.34000000000000696,2026-05-28 13:15:00
open_buy,1.1614,,2026-05-28 13:15:00
close_buy,1.16401,-0.8200000000000429,2026-05-29 06:00:00
open_sell,1.16401,,2026-05-29 06:00:00
close_sell,1.16501,-0.18000000000029104,2026-05-29 16:30:00
open_buy,1.16501,,2026-05-29 16:30:00
close_buy,1.16506,0.5399999999999849,2026-06-01 03:00:00
open_sell,1.16506,,2026-06-01 03:00:00
close_sell,1.16581,-0.10000000000021103,2026-06-01 11:15:00
open_buy,1.16581,,2026-06-01 11:15:00
close_buy,1.16315,-3.0400000000003757,2026-06-01 16:00:00
open_sell,1.16315,,2026-06-01 16:00:00
close_sell,1.16331,-0.640000000000196,2026-06-02 01:30:00
open_buy,1.16331,,2026-06-02 01:30:00
close_buy,1.16277,-0.459999999999905,2026-06-02 19:30:00
open_sell,1.16277,,2026-06-02 19:30:00
close_sell,1.16249,-0.140000000000029,2026-06-03 07:30:00
open_buy,1.16249,,2026-06-03 07:30:00
close_buy,1.16165,-0.2999999999997449,2026-06-03 09:00:00
open_sell,1.16165,,2026-06-03 09:00:00
close_sell,1.16061,0.920000000000254,2026-06-04 03:45:00
open_buy,1.16061,,2026-06-04 03:45:00
close_buy,1.16143,-0.280000000000058,2026-06-04 21:45:00
open_sell,1.16143,,2026-06-04 21:45:00
close_sell,1.16149,0.10000000000021103,2026-06-05 08:00:00
open_buy,1.16149,,2026-06-05 08:00:00
close_buy,1.15617,-1.9200000000001438,2026-06-05 17:00:00
open_sell,1.15617,,2026-06-05 17:00:00
close_sell,1.15317,-0.459999999999905,2026-06-08 06:45:00
open_buy,1.15317,,2026-06-08 06:45:00
close_buy,1.15014,-0.920000000000254,2026-06-08 12:15:00
open_sell,1.15014,,2026-06-08 12:15:00
close_sell,1.15488,-1.1199999999997878,2026-06-08 16:15:00
open_buy,1.15488,,2026-06-08 16:15:00
close_buy,1.15339,0.8599999999998608,2026-06-09 00:30:00
open_sell,1.15339,,2026-06-09 00:30:00
close_sell,1.15411,-0.48000000000003595,2026-06-09 07:15:00
open_buy,1.15411,,2026-06-09 07:15:00
close_buy,1.15488,0.280000000000058,2026-06-09 21:00:00
open_sell,1.15488,,2026-06-09 21:00:00
close_sell,1.15445,0.6800000000000139,2026-06-10 07:30:00
open_buy,1.15445,,2026-06-10 07:30:00
close_buy,1.15486,-0.6599999999998829,2026-06-10 18:45:00
open_sell,1.15486,,2026-06-10 18:45:00
close_sell,1.1556,-1.4799999999999258,2026-06-10 19:00:00
open_buy,1.1556,,2026-06-10 19:00:00
close_buy,1.1543,-0.91999999999981,2026-06-10 22:00:00
open_sell,1.1543,,2026-06-10 22:00:00
close_sell,1.15446,0.280000000000058,2026-06-11 06:45:00
open_buy,1.15446,,2026-06-11 06:45:00
close_buy,1.15255,-1.5399999999998748,2026-06-11 13:00:00
open_sell,1.15255,,2026-06-11 13:00:00
close_sell,1.15789,0.21999999999966494,2026-06-11 22:30:00
open_buy,1.15789,,2026-06-11 22:30:00
close_buy,1.15643,-0.7999999999999119,2026-06-12 08:15:00
open_sell,1.15643,,2026-06-12 08:15:00
close_sell,1.15823,0.21999999999966494,2026-06-12 13:00:00
open_buy,1.15823,,2026-06-12 13:00:00
close_buy,1.15766,0.7999999999999119,2026-06-12 18:00:00
open_sell,1.15766,,2026-06-12 18:00:00
close_sell,1.15817,-1.020000000000021,2026-06-12 18:15:00
open_buy,1.15817,,2026-06-12 18:15:00
close_buy,1.15751,-1.3199999999997658,2026-06-12 18:30:00
open_sell,1.15751,,2026-06-12 18:30:00
close_sell,1.15749,-0.43999999999977396,2026-06-12 20:15:00
open_buy,1.15749,,2026-06-12 20:15:00
close_buy,1.16042,0.39999999999995595,2026-06-15 19:15:00
open_sell,1.16042,,2026-06-15 19:15:00
close_sell,1.16009,1.0999999999996568,2026-06-16 12:15:00
open_buy,1.16009,,2026-06-16 12:15:00
close_buy,1.16052,-0.19999999999997797,2026-06-17 10:30:00
open_sell,1.16052,,2026-06-17 10:30:00
close_sell,1.15168,0.08000000000008001,2026-06-18 08:30:00
open_buy,1.15168,,2026-06-18 08:30:00
close_buy,1.14755,0.020000000000131024,2026-06-18 12:15:00
open_sell,1.14755,,2026-06-18 12:15:00
close_sell,1.14584,-0.5399999999999849,2026-06-19 13:30:00
open_buy,1.14584,,2026-06-19 13:30:00
close_buy,1.14621,-0.140000000000029,2026-06-22 03:15:00
open_sell,1.14621,,2026-06-22 03:15:00
close_sell,1.14268,0.44000000000021794,2026-06-23 07:00:00
open_buy,1.14268,,2026-06-23 07:00:00
close_buy,1.14203,-0.8200000000000429,2026-06-23 07:45:00
open_sell,1.14203,,2026-06-23 07:45:00
close_sell,1.14236,-0.6599999999998829,2026-06-23 08:15:00
open_buy,1.14236,,2026-06-23 08:15:00
close_buy,1.14223,-0.05999999999994898,2026-06-23 08:45:00
open_sell,1.14223,,2026-06-23 08:45:00
close_sell,1.14249,-0.5199999999998539,2026-06-23 09:00:00
open_buy,1.14249,,2026-06-23 09:00:00
close_buy,1.14151,-4.3799999999998285,2026-06-23 10:30:00
open_sell,1.14151,,2026-06-23 10:30:00
close_sell,1.13518,-0.580000000000247,2026-06-24 21:00:00
open_buy,1.13518,,2026-06-24 21:00:00
close_buy,1.13482,-1.1600000000000499,2026-06-25 13:30:00
open_sell,1.13482,,2026-06-25 13:30:00
close_sell,1.13808,0.560000000000116,2026-06-25 19:00:00
open_buy,1.13808,,2026-06-25 19:00:00
close_buy,1.1363,0.48000000000003595,2026-06-26 03:00:00
open_sell,1.1363,,2026-06-26 03:00:00
close_sell,1.1375899999999999,0.44000000000021794,2026-06-26 09:30:00
open_buy,1.1375899999999999,,2026-06-26 09:30:00
close_buy,1.13891,0.08000000000008001,2026-06-26 21:30:00
open_sell,1.13891,,2026-06-26 21:30:00
close_sell,1.13864,-0.8800000000004359,2026-06-29 08:00:00
open_buy,1.13864,,2026-06-29 08:00:00
close_buy,1.14058,-1.959999999999962,2026-06-30 04:00:00
open_sell,1.14058,,2026-06-30 04:00:00
close_sell,1.1406,-1.9800000000000928,2026-06-30 17:00:00
open_buy,1.1406,,2026-06-30 17:00:00
close_buy,1.14058,0.23999999999979593,2026-07-01 04:15:00
open_sell,1.14058,,2026-07-01 04:15:00
close_sell,1.13794,-0.09999999999976693,2026-07-02 06:15:00
open_buy,1.13794,,2026-07-02 06:15:00
close_buy,1.1430500000000001,0.0,2026-07-03 01:00:00
open_sell,1.1430500000000001,,2026-07-03 01:00:00
close_sell,1.1439,-0.140000000000029,2026-07-03 06:30:00
open_buy,1.1439,,2026-07-03 06:30:00
close_buy,1.14397,-0.25999999999992696,2026-07-03 16:45:00
open_sell,1.14397,,2026-07-03 16:45:00
close_sell,1.14354,-0.3799999999998249,2026-07-06 20:15:00
open_buy,1.14354,,2026-07-06 20:15:00
close_buy,1.14349,-0.48000000000003595,2026-07-07 07:45:00
open_sell,1.14349,,2026-07-07 07:45:00
close_sell,1.1432,-0.560000000000116,2026-07-07 17:30:00
open_buy,1.1432,,2026-07-07 17:30:00
close_buy,1.14227,0.6399999999997519,2026-07-07 19:45:00
open_sell,1.14227,,2026-07-07 19:45:00
close_sell,1.14188,0.03999999999981796,2026-07-08 08:45:00
open_buy,1.14188,,2026-07-08 08:45:00
close_buy,1.1397599999999999,-1.180000000000181,2026-07-08 14:45:00
open_sell,1.1397599999999999,,2026-07-08 14:45:00
close_sell,1.14279,-0.5199999999998539,2026-07-08 21:30:00
open_buy,1.14279,,2026-07-08 21:30:00
close_buy,1.14277,-0.8799999999999919,2026-07-09 15:30:00
open_sell,1.14277,,2026-07-09 15:30:00
close_sell,1.14367,-0.7199999999998319,2026-07-09 18:30:00
open_buy,1.14367,,2026-07-09 18:30:00
close_buy,1.14282,0.39999999999995595,2026-07-10 00:30:00
open_sell,1.14282,,2026-07-10 00:30:00
close_sell,1.14548,-1.6400000000000858,2026-07-10 05:00:00
open_buy,1.14548,,2026-07-10 05:00:00
close_buy,1.14325,0.5399999999999849,2026-07-10 12:00:00
open_sell,1.14325,,2026-07-10 12:00:00
close_sell,1.1416,-1.500000000000057,2026-07-13 10:30:00
open_buy,1.1416,,2026-07-13 10:30:00
close_buy,1.14006,-0.05999999999994898,2026-07-13 19:00:00
open_sell,1.14006,,2026-07-13 19:00:00
close_sell,1.13923,-0.3599999999996939,2026-07-14 06:15:00
open_buy,1.13923,,2026-07-14 06:15:00
close_buy,1.14127,-0.42000000000008697,2026-07-15 00:15:00
open_sell,1.14127,,2026-07-15 00:15:00
close_sell,1.14402,-1.1399999999999189,2026-07-15 05:30:00
open_buy,1.14402,,2026-07-15 05:30:00
close_buy,1.14162,-0.7599999999996498,2026-07-15 12:45:00
open_sell,1.14162,,2026-07-15 12:45:00
close_sell,1.14381,-0.8799999999999919,2026-07-15 19:15:00
open_buy,1.14381,,2026-07-15 19:15:00
close_buy,1.14664,0.08000000000008001,2026-07-16 08:30:00
open_sell,1.14664,,2026-07-16 08:30:00
close_sell,1.14675,0.05999999999994898,2026-07-16 10:00:00
open_buy,1.14675,,2026-07-16 10:00:00
close_buy,1.14657,0.26000000000037105,2026-07-16 12:45:00
open_sell,1.14657,,2026-07-16 12:45:00
close_sell,1.14438,0.459999999999905,2026-07-17 04:00:00
open_buy,1.14438,,2026-07-17 04:00:00
close_buy,1.14363,0.09999999999976693,2026-07-17 08:15:00
open_sell,1.14363,,2026-07-17 08:15:00
close_sell,1.14461,-0.019999999999686935,2026-07-17 10:30:00
open_buy,1.14461,,2026-07-17 10:30:00
close_buy,1.14297,0.280000000000058,2026-07-17 14:15:00
open_sell,1.14297,,2026-07-17 14:15:00
close_sell,1.14352,0.0,2026-07-17 21:30:00
open_buy,1.14352,,2026-07-17 21:30:00
final_close,1.14402,0.99999999999989,2026-07-17 22:45:00
